"Gross domestic product (GDP) at basic prices, by industry, monthly (x 1,000,000) 1 2"
"Frequency: Monthly"
"Table: 36-10-0434-01 (formerly CANSIM 379-0031)"
"Release date: 2021-11-30"
"Geography: Canada"
""
""

,"Seasonally adjusted at annual rates",,,,,,,,,,,,,,,,,,,,,,,,,,,,,,,,,,,,,,,,,,,,,,,,,,,,,,,,,,,,,,,,,,,,,,,,,,,,,,,,,,,,,,,,,,,,,,,,,,,,,,,,,,,,
,"Chained (2012) dollars 3",,,,,,,,,,,,,,,,,,,,,,,,,,,,,,,,,,,,,,,,,,,,,,,,,,,,,,,,,,,,,,,,,,,,,,,,,,,,,,,,,,,,,,,,,,,,,,,,,,,,,,,,,,,,
,"Canada",,,,,,,,,,,,,,,,,,,,,,,,,,,,,,,,,,,,,,,,,,,,,,,,,,,,,,,,,,,,,,,,,,,,,,,,,,,,,,,,,,,,,,,,,,,,,,,,,,,,,,,,,,,,
"North American Industry Classification System (NAICS)","September 2012","October 2012","November 2012","December 2012","January 2013","February 2013","March 2013","April 2013","May 2013","June 2013","July 2013","August 2013","September 2013","October 2013","November 2013","December 2013","January 2014","February 2014","March 2014","April 2014","May 2014","June 2014","July 2014","August 2014","September 2014","October 2014","November 2014","December 2014","January 2015","February 2015","March 2015","April 2015","May 2015","June 2015","July 2015","August 2015","September 2015","October 2015","November 2015","December 2015","January 2016","February 2016","March 2016","April 2016","May 2016","June 2016","July 2016","August 2016","September 2016","October 2016","November 2016","December 2016","January 2017","February 2017","March 2017","April 2017","May 2017","June 2017","July 2017","August 2017","September 2017","October 2017","November 2017","December 2017","January 2018","February 2018","March 2018","April 2018","May 2018","June 2018","July 2018","August 2018","September 2018","October 2018","November 2018","December 2018","January 2019","February 2019","March 2019","April 2019","May 2019","June 2019","July 2019","August 2019","September 2019","October 2019","November 2019","December 2019","January 2020","February 2020","March 2020","April 2020","May 2020","June 2020","July 2020","August 2020","September 2020","October 2020","November 2020","December 2020","January 2021","February 2021","March 2021","April 2021","May 2021","June 2021","July 2021","August 2021","September 2021"
,"Dollars",,,,,,,,,,,,,,,,,,,,,,,,,,,,,,,,,,,,,,,,,,,,,,,,,,,,,,,,,,,,,,,,,,,,,,,,,,,,,,,,,,,,,,,,,,,,,,,,,,,,,,,,,,,,
"All industries  [T001] 4","1,712,611","1,711,824","1,719,965","1,719,763","1,729,586","1,734,805","1,740,839","1,743,937","1,748,724","1,742,396","1,752,447","1,760,130","1,766,098","1,775,606","1,779,954","1,772,541","1,773,250","1,782,226","1,787,024","1,790,684","1,802,034","1,810,319","1,812,914","1,809,135","1,816,399","1,821,619","1,822,817","1,825,584","1,817,974","1,815,506","1,814,460","1,813,921","1,812,920","1,817,855","1,822,436","1,826,294","1,818,765","1,820,488","1,824,776","1,826,829","1,837,860","1,832,584","1,825,855","1,830,002","1,819,666","1,828,411","1,839,206","1,843,452","1,848,118","1,847,038","1,853,836","1,858,876","1,867,798","1,872,099","1,878,420","1,887,380","1,894,834","1,898,387","1,901,643","1,900,327","1,903,852","1,907,305","1,916,041","1,922,738","1,922,693","1,930,440","1,936,970","1,937,928","1,948,732","1,951,138","1,957,065","1,960,285","1,962,463","1,968,287","1,964,629","1,964,458","1,965,814","1,962,068","1,974,461","1,981,670","1,987,070","1,991,233","1,991,531","1,990,828","1,993,715","1,996,798","1,996,711","2,002,297","2,004,924","2,009,783","1,861,251","1,658,387","1,733,389","1,833,539","1,881,318","1,899,027","1,916,771","1,928,236","1,941,301","1,941,070","1,950,645","1,954,006","1,976,937","1,957,266","1,946,626","1,962,429","1,968,728","1,980,516","1,982,395"
"Goods-producing industries  [T002] 4","511,986","513,698","518,341","518,173","522,110","526,901","529,717","529,239","529,344","524,961","530,342","534,235","537,382","542,133","541,561","536,024","536,543","542,817","544,167","547,371","552,330","556,600","555,172","548,517","554,899","558,904","558,790","559,652","555,276","551,019","547,639","544,685","545,147","545,511","547,686","552,924","544,575","544,266","544,883","544,577","548,275","542,758","537,195","539,249","526,381","533,715","540,542","542,376","544,093","542,336","546,520","549,952","553,163","551,759","553,352","557,531","560,694","562,679","565,304","560,928","563,456","563,270","568,690","570,190","569,149","573,441","578,947","578,333","578,917","580,638","582,216","580,933","579,568","580,408","577,062","572,224","571,335","569,038","575,065","581,113","584,437","584,093","579,670","578,826","578,900","579,705","577,681","576,017","578,411","581,516","552,482","473,122","507,964","534,445","543,372","544,410","549,722","551,665","557,894","562,417","567,233","563,925","570,259","568,352","560,614","565,128","560,446","561,036","557,392"
"Service-producing industries  [T003] 4","1,200,605","1,198,175","1,201,718","1,201,743","1,207,676","1,208,091","1,211,260","1,214,801","1,219,426","1,217,401","1,222,072","1,225,859","1,228,675","1,233,445","1,238,317","1,236,370","1,236,568","1,239,380","1,242,897","1,243,415","1,249,850","1,253,895","1,257,913","1,260,703","1,261,599","1,262,814","1,264,063","1,265,904","1,263,186","1,264,612","1,266,644","1,268,768","1,267,358","1,271,804","1,274,286","1,273,290","1,273,471","1,275,405","1,278,979","1,281,217","1,288,764","1,288,477","1,286,864","1,289,053","1,290,340","1,292,341","1,296,750","1,299,212","1,302,208","1,302,685","1,305,551","1,307,391","1,313,161","1,318,594","1,323,305","1,328,227","1,332,629","1,334,281","1,335,062","1,337,732","1,338,876","1,342,372","1,345,947","1,351,058","1,351,945","1,355,571","1,356,905","1,358,417","1,368,418","1,369,183","1,373,516","1,377,835","1,381,239","1,386,153","1,385,646","1,389,920","1,392,074","1,390,443","1,397,016","1,398,510","1,400,732","1,405,117","1,409,476","1,409,556","1,412,318","1,414,585","1,416,344","1,423,321","1,423,680","1,425,585","1,307,399","1,182,477","1,223,588","1,296,932","1,335,326","1,351,642","1,364,059","1,373,488","1,380,507","1,376,161","1,381,074","1,387,371","1,403,891","1,386,446","1,383,200","1,394,447","1,404,891","1,415,824","1,421,004"
"Business sector industries  [T004]","1,396,331","1,395,586","1,403,003","1,403,180","1,412,740","1,417,795","1,424,079","1,428,162","1,432,804","1,426,540","1,436,356","1,443,391","1,449,206","1,457,991","1,461,895","1,454,522","1,454,369","1,462,865","1,467,482","1,471,043","1,482,459","1,492,460","1,493,501","1,489,412","1,497,733","1,501,098","1,502,112","1,505,166","1,496,533","1,493,315","1,492,062","1,490,814","1,490,739","1,495,306","1,499,877","1,505,172","1,496,659","1,498,248","1,502,633","1,504,070","1,514,248","1,507,975","1,500,520","1,504,309","1,492,626","1,501,242","1,512,476","1,516,395","1,520,515","1,519,554","1,526,183","1,531,329","1,540,576","1,544,223","1,550,212","1,558,854","1,566,092","1,568,655","1,570,814","1,568,318","1,570,644","1,573,983","1,582,023","1,587,526","1,585,934","1,592,695","1,598,382","1,598,082","1,607,626","1,609,026","1,614,333","1,616,794","1,618,665","1,623,879","1,619,740","1,619,364","1,619,913","1,615,629","1,627,378","1,634,327","1,639,214","1,643,170","1,642,483","1,641,625","1,644,633","1,646,807","1,646,534","1,651,227","1,652,644","1,657,440","1,531,636","1,345,930","1,413,309","1,507,680","1,545,567","1,558,680","1,573,237","1,583,128","1,595,833","1,593,528","1,601,723","1,603,072","1,622,568","1,606,031","1,591,748","1,604,994","1,609,693","1,621,350","1,621,024"
"Non-business sector industries  [T007]","316,271","316,238","317,001","316,661","316,852","316,974","316,795","315,870","316,044","315,932","316,208","316,863","317,026","317,746","318,163","318,051","318,828","319,375","319,637","319,780","319,807","318,202","319,755","320,052","319,043","320,857","321,021","320,739","321,724","322,389","322,585","323,237","322,339","322,748","322,829","321,492","322,328","322,478","322,418","323,013","324,009","324,840","325,438","325,825","326,942","327,186","326,899","327,248","327,822","327,691","327,913","327,867","327,713","328,372","328,774","329,180","329,486","330,463","331,514","332,602","333,748","333,897","334,639","335,812","337,237","338,224","339,129","340,337","341,648","342,608","343,283","344,026","344,367","345,005","345,431","345,609","346,385","346,791","347,547","347,888","348,414","348,663","349,595","349,716","349,638","350,510","350,667","351,550","352,698","352,794","329,823","311,476","319,465","326,018","335,855","340,374","343,608","345,263","345,795","347,803","349,254","351,079","354,461","351,223","354,493","357,036","358,574","358,844","360,949"
"Industrial production  [T010] 4","347,181","347,099","350,656","349,138","352,083","355,465","356,860","355,028","354,132","353,019","354,955","358,080","361,639","366,232","365,966","362,457","363,228","369,074","371,056","374,827","378,038","381,645","379,214","373,456","379,215","381,115","380,693","381,806","378,906","375,786","374,206","371,290","370,637","372,042","374,545","379,758","372,362","372,372","373,209","373,535","377,636","373,472","369,675","371,039","360,219","369,323","375,547","378,104","378,458","375,990","379,581","382,976","385,110","383,078","384,541","386,644","390,968","390,475","392,043","387,800","388,796","386,347","391,033","393,053","392,341","395,291","400,595","400,138","399,375","402,939","405,802","405,750","405,674","407,603","405,184","400,224","398,646","396,227","401,088","407,097","408,244","405,998","399,646","400,093","399,798","400,128","398,422","396,349","396,527","398,865","373,994","321,952","338,573","354,598","366,311","366,223","371,773","372,221","379,900","382,791","387,598","380,967","383,391","379,896","378,116","386,586","385,793","388,425","386,163"
"Non-durable manufacturing industries  [T011] 4","81,673","81,431","82,159","81,806","81,648","82,151","82,298","81,814","81,386","81,999","80,861","80,775","81,832","83,161","83,548","81,615","82,081","82,923","81,974","82,519","83,818","86,205","85,700","84,940","84,082","85,171","84,750","86,777","86,261","86,137","86,978","86,967","86,927","86,460","86,232","88,391","87,421","86,256","86,411","86,523","87,417","86,824","87,486","87,611","86,142","86,799","88,212","88,253","88,011","87,025","88,163","88,417","88,232","88,356","88,682","88,922","89,431","90,065","89,648","88,006","88,382","88,766","89,557","89,845","90,609","90,365","90,045","89,364","88,620","91,966","92,466","92,044","92,915","91,174","91,704","91,160","90,886","90,364","90,486","91,339","91,235","90,420","89,829","90,078","89,934","90,537","90,289","90,531","89,923","90,124","86,478","75,225","79,145","82,686","86,315","85,828","87,720","88,655","90,619","89,114","89,324","87,315","88,546","88,672","87,506","88,811","88,804","89,761","88,966"
"Durable manufacturing industries  [T012] 4","99,912","98,487","99,309","97,590","99,459","99,531","100,196","99,443","99,933","99,191","99,948","101,032","102,325","103,296","102,257","100,181","100,594","102,551","102,072","102,250","104,019","103,279","105,296","103,735","105,824","105,016","103,859","105,509","103,820","101,868","102,891","102,499","102,272","100,821","101,454","102,837","101,519","102,231","102,290","102,606","103,980","102,652","101,016","101,708","100,391","101,953","100,869","100,852","101,298","99,969","101,195","101,889","102,925","101,680","102,729","103,606","104,161","104,042","103,636","103,053","102,784","104,150","105,980","105,510","105,627","106,282","108,012","110,051","108,166","107,968","107,344","107,105","107,134","108,506","107,369","106,856","108,272","107,635","109,391","107,696","110,653","108,843","108,221","108,027","107,177","105,882","106,275","104,724","103,056","104,304","90,698","65,715","75,941","90,865","95,101","98,096","98,024","96,328","98,292","98,524","100,001","98,089","99,498","97,072","95,362","98,050","95,678","95,864","93,502"
"Information and communication technology sector  [T013] 4","73,507","73,059","73,529","72,619","73,311","72,784","72,303","72,262","72,162","71,866","72,207","72,848","73,348","74,033","74,694","74,422","74,742","74,773","75,037","75,259","75,119","76,095","76,948","77,718","77,837","77,814","77,916","78,250","77,552","78,076","78,426","78,523","78,669","79,195","79,269","78,745","79,144","79,233","79,316","79,560","79,722","80,328","80,550","80,191","81,383","81,329","82,042","82,994","82,978","83,423","83,239","83,661","83,485","83,559","84,013","84,666","85,060","85,964","85,947","85,363","86,318","86,645","87,657","88,679","89,271","90,013","90,578","90,849","91,159","91,510","92,292","93,100","93,486","94,270","94,741","95,203","95,970","96,871","97,431","97,382","97,943","99,096","98,956","99,968","100,592","101,130","102,031","102,550","101,954","101,720","98,618","98,021","98,420","99,130","100,352","101,314","100,988","102,684","103,266","102,545","104,728","103,644","103,289","103,753","104,021","103,759","104,384","104,766","105,363"
"Energy sector  [T016] 4","148,154","150,074","151,059","151,764","152,394","154,256","154,863","154,211","151,613","152,839","154,108","157,119","158,270","158,841","159,687","159,743","161,367","164,094","166,181","167,782","169,408","171,327","168,876","165,001","167,332","169,178","170,773","169,113","168,823","168,471","164,565","162,648","162,237","164,375","166,143","169,089","162,044","161,728","162,013","162,392","165,124","162,554","160,283","159,643","148,625","157,924","165,601","168,858","169,819","168,062","169,617","171,962","171,983","171,387","171,550","172,569","176,629","175,075","176,438","174,462","176,466","171,653","173,967","178,353","178,042","179,337","183,823","179,854","180,158","183,195","185,461","186,819","184,406","186,830","184,825","179,830","178,373","178,238","179,542","185,657","184,126","185,593","181,172","181,225","182,199","182,971","181,844","183,036","183,062","184,554","178,378","170,186","166,090","161,168","160,917","156,455","161,414","165,306","168,786","169,920","172,309","170,810","170,071","167,963","169,794","174,857","174,975","176,301","177,275"
"Industrial production (1950 definition)  [T017] 4","341,932","341,843","345,383","343,842","346,766","350,169","351,549","349,701","348,785","347,656","349,575","352,678","356,205","360,732","360,403","356,811","357,512","363,308","365,250","368,995","372,161","375,721","373,271","367,516","373,315","375,224","374,851","376,045","373,295","370,241","368,659","365,711","365,051","366,429","368,887","374,078","366,598","366,488","367,302","367,545","371,656","367,472","363,671","365,035","354,129","363,191","369,363","371,869","372,192","369,783","373,371","376,812","378,902","376,888","378,322","380,491","384,793","384,332","385,845","381,587","382,632","380,240","385,050","387,018","386,140","388,962","394,166","393,644","392,756","396,236","399,036","398,951","398,793","400,667","398,136","393,101","391,478","389,076","394,018","400,030","401,308","399,125","392,870","393,322","392,993","393,190","391,446","389,324","389,492","391,807","367,400","315,802","332,330","347,943","359,609","359,512","365,039","365,425","373,005","375,868","380,799","374,226","376,605","373,085","371,362","379,805","378,938","381,547","379,250"
"Public Sector  [T018] 4","339,272","339,169","339,733","339,203","339,392","339,213","338,987","338,193","338,413","338,393","338,713","339,337","339,648","340,405","340,914","340,880","341,253","341,521","341,800","341,799","341,823","340,392","342,085","342,366","341,090","342,810","343,244","343,013","344,029","344,862","345,150","345,921","345,203","345,862","346,113","345,056","345,905","346,345","346,447","347,231","348,257","349,192","349,997","350,405","351,602","351,973","351,817","352,193","352,795","352,704","352,886","352,823","352,882","353,737","354,234","354,487","354,976","355,973","357,031","358,236","359,363","359,422","360,187","361,540","362,919","363,966","365,023","366,344","367,834","368,951","369,848","370,720","371,309","372,123","372,809","373,418","374,440","374,868","375,596","375,586","376,241","376,760","378,029","378,497","378,639","379,738","380,071","381,175","382,240","382,656","353,717","326,399","335,576","350,251","362,854","367,400","370,838","373,768","374,884","377,145","379,277","381,367","384,975","382,260","385,252","387,819","389,423","389,705","392,256"
"Content and media sector  [T019] 4","13,763","13,645","13,641","13,838","13,770","13,709","13,784","13,897","13,962","13,976","14,065","14,200","14,204","14,230","14,281","14,474","14,569","14,691","14,687","14,581","14,757","14,855","14,742","14,743","14,585","14,555","14,558","14,393","14,151","14,023","13,855","13,793","13,628","13,638","13,751","13,759","13,678","13,806","13,762","13,744","13,887","13,944","13,970","13,928","13,946","13,992","13,973","14,427","14,248","14,212","14,232","14,213","14,303","14,243","14,291","14,263","14,323","14,289","14,222","14,178","14,137","13,986","13,941","13,984","13,913","14,155","14,004","13,912","14,100","14,136","14,206","14,089","14,001","14,156","14,159","14,213","14,199","14,092","14,028","14,131","14,152","14,286","14,133","14,159","14,133","14,105","14,106","14,072","13,979","14,100","12,002","9,492","9,487","10,235","10,967","12,200","12,392","12,463","12,412","12,363","12,172","12,254","12,325","12,287","12,405","12,524","12,781","13,134","12,978"
"All industries (except cannabis sector)  [T020] 4","1,708,231","1,707,446","1,715,549","1,715,330","1,725,092","1,730,227","1,736,210","1,739,264","1,744,003","1,737,656","1,747,644","1,755,270","1,761,203","1,770,649","1,774,966","1,767,556","1,768,227","1,777,214","1,782,035","1,785,703","1,797,021","1,805,283","1,807,871","1,804,085","1,811,291","1,816,459","1,817,598","1,820,301","1,812,880","1,810,342","1,809,215","1,808,622","1,807,548","1,812,439","1,816,983","1,820,790","1,813,261","1,814,969","1,819,235","1,821,272","1,832,412","1,827,118","1,820,419","1,824,576","1,814,263","1,822,992","1,833,764","1,837,984","1,842,651","1,841,533","1,848,284","1,853,292","1,862,212","1,866,510","1,872,829","1,881,798","1,889,269","1,892,823","1,896,071","1,894,767","1,898,302","1,901,811","1,910,469","1,916,991","1,916,727","1,924,369","1,930,886","1,931,844","1,942,609","1,944,950","1,950,794","1,953,994","1,956,219","1,962,108","1,958,539","1,958,453","1,959,609","1,955,870","1,967,988","1,974,713","1,979,715","1,983,734","1,983,762","1,983,010","1,985,880","1,987,781","1,988,302","1,994,456","1,996,902","2,001,611","1,853,262","1,650,665","1,725,567","1,825,474","1,873,253","1,891,035","1,908,941","1,920,231","1,933,118","1,932,697","1,942,477","1,945,742","1,968,399","1,948,543","1,937,799","1,953,344","1,959,580","1,971,343","1,973,060"
"Cannabis sector  [T021] 4","4,473","4,519","4,551","4,579","4,608","4,637","4,668","4,701","4,747","4,778","4,811","4,840","4,857","4,888","4,918","4,932","4,948","4,976","4,992","5,025","5,054","5,073","5,107","5,139","5,172","5,210","5,246","5,282","5,287","5,341","5,393","5,415","5,439","5,467","5,488","5,501","5,508","5,504","5,507","5,526","5,508","5,511","5,505","5,514","5,509","5,521","5,531","5,538","5,541","5,559","5,566","5,581","5,604","5,619","5,628","5,635","5,646","5,668","5,676","5,656","5,607","5,518","5,565","5,738","6,011","6,165","6,241","6,264","6,314","6,413","6,561","6,616","6,572","6,497","6,371","6,247","6,577","6,448","6,851","7,554","8,142","8,353","8,761","8,799","8,821","10,547","9,616","8,723","8,955","9,073","9,031","8,948","9,005","9,272","9,259","9,183","9,009","9,406","9,778","10,249","10,085","10,008","10,200","10,315","10,392","10,631","10,620","10,578","10,816"
"All industries (except unlicensed cannabis sector)  [T024] 4","1,709,370","1,708,126","1,715,125","1,714,788","1,724,965","1,732,670","1,738,583","1,739,955","1,744,437","1,736,886","1,745,931","1,754,386","1,761,464","1,771,373","1,774,110","1,764,994","1,771,692","1,782,782","1,783,916","1,788,046","1,796,445","1,800,272","1,802,330","1,801,373","1,810,611","1,817,073","1,817,451","1,821,169","1,812,678","1,810,211","1,809,142","1,808,586","1,807,567","1,812,480","1,817,063","1,820,893","1,813,383","1,815,103","1,819,390","1,821,444","1,832,585","1,827,297","1,820,565","1,824,689","1,814,344","1,823,073","1,833,830","1,838,028","1,842,679","1,841,575","1,848,312","1,853,331","1,862,301","1,866,591","1,872,969","1,881,946","1,889,438","1,893,004","1,896,284","1,894,993","1,898,523","1,901,997","1,910,693","1,917,321","1,917,231","1,924,875","1,931,412","1,932,367","1,943,126","1,945,452","1,951,254","1,954,471","1,956,784","1,962,829","1,959,396","1,959,339","1,960,739","1,956,911","1,969,343","1,976,623","1,982,060","1,986,285","1,986,641","1,986,009","1,988,952","1,992,104","1,992,078","1,997,723","2,000,382","2,005,213","1,856,819","1,654,142","1,729,097","1,829,174","1,876,944","1,894,620","1,912,328","1,923,799","1,936,842","1,936,596","1,946,139","1,949,486","1,972,466","1,952,875","1,942,325","1,958,175","1,964,509","1,976,327","1,978,234"
"Agriculture, forestry, fishing and hunting  [11]","33,517","34,028","34,681","35,553","36,414","37,156","37,805","38,279","38,811","39,076","39,657","40,033","40,028","39,728","39,267","38,780","37,339","36,775","36,622","36,471","36,177","36,012","35,905","35,516","35,407","35,730","35,866","36,221","36,462","36,916","37,002","37,399","37,578","37,578","37,808","37,965","38,245","38,516","38,532","38,939","38,899","38,773","38,774","38,744","38,859","39,008","39,346","39,570","39,837","40,005","39,865","39,896","40,135","40,376","40,522","40,313","40,437","40,009","40,144","40,088","40,141","40,003","40,134","40,110","40,228","40,337","40,195","40,364","40,504","40,348","40,052","39,935","39,718","39,519","39,646","39,706","40,122","40,127","40,296","40,908","41,323","41,667","41,670","41,559","41,351","42,727","41,946","41,256","41,521","41,697","41,780","41,428","42,252","43,055","43,329","43,496","43,443","43,371","43,180","42,876","42,017","41,459","40,838","40,652","39,985","39,238","37,342","35,474","35,122"
"Mining, quarrying, and oil and gas extraction  [21]","121,286","122,230","124,377","125,871","127,027","130,219","130,849","130,013","128,811","127,594","129,776","132,011","133,014","134,586","134,663","133,893","134,845","137,679","140,587","143,736","143,936","145,679","142,219","138,717","142,654","143,935","144,089","142,336","142,194","139,396","134,151","131,970","132,419","137,540","141,167","142,741","136,677","138,176","138,247","138,718","138,786","135,608","131,258","130,459","119,926","127,142","137,089","138,402","140,100","141,303","145,647","146,364","148,138","147,600","145,898","147,985","151,001","149,982","152,875","150,450","150,389","146,026","147,440","149,628","147,307","152,397","156,340","153,516","156,553","156,054","158,222","158,811","157,387","159,692","157,172","153,173","148,889","146,929","151,621","161,213","158,829","159,786","153,475","154,462","155,285","155,462","152,703","152,454","156,567","157,190","151,737","138,830","139,498","132,225","134,243","131,867","137,836","138,731","143,275","148,721","152,812","149,523","149,558","148,794","149,701","152,643","157,272","158,687","160,569"
"Utilities  [22]","39,037","39,661","39,495","38,523","38,618","38,217","38,157","38,372","38,605","38,843","38,908","38,768","38,966","39,635","39,878","40,997","40,047","40,175","40,415","40,137","40,112","40,245","39,895","39,994","40,340","40,545","41,409","40,802","40,986","42,136","42,123","41,355","40,799","40,764","40,253","40,186","39,793","39,240","39,660","39,161","40,415","40,603","40,781","41,500","40,864","42,263","41,791","43,099","42,222","41,885","40,139","41,562","41,372","41,039","41,960","41,278","41,939","41,653","41,866","41,951","42,801","41,799","42,428","42,918","42,879","41,529","42,057","42,221","41,999","42,205","43,306","43,503","43,427","43,919","43,993","43,342","43,706","44,081","43,372","42,925","42,864","42,900","42,910","42,571","42,701","43,419","43,625","43,218","42,830","43,007","42,386","41,875","41,891","42,254","43,270","42,353","41,292","41,741","41,388","41,489","41,372","41,757","41,187","40,875","41,614","43,056","41,490","41,664","41,501"
"Construction  [23]","136,553","137,854","138,310","138,854","138,864","139,548","140,401","141,361","141,927","138,493","141,421","141,859","141,460","141,897","142,083","140,646","141,846","142,671","142,190","141,726","143,674","144,438","145,575","145,085","145,619","147,395","147,533","146,896","145,234","143,601","141,845","141,345","142,155","141,315","140,963","141,100","139,740","139,315","139,174","138,325","138,113","136,865","135,141","135,852","133,478","132,333","132,932","132,285","133,275","133,566","134,397","134,539","135,306","135,542","135,609","137,703","136,734","139,312","140,246","140,006","141,337","143,345","143,961","143,639","143,479","144,803","145,337","145,082","146,287","144,894","144,106","143,105","142,178","141,452","140,526","140,523","140,794","140,822","141,801","141,472","143,024","144,358","145,863","144,784","145,332","144,705","145,077","146,032","147,849","148,484","143,512","116,960","133,490","143,186","140,749","141,638","141,639","143,144","142,271","144,134","144,903","148,203","152,437","153,982","148,992","146,261","144,378","144,218","143,224"
"Manufacturing  [31-33]","181,580","179,912","181,464","179,392","181,103","181,675","182,490","181,254","181,320","181,182","180,812","181,814","184,168","186,463","185,805","181,798","182,671","185,479","184,058","184,774","187,843","189,457","190,997","188,668","189,933","190,192","188,612","192,283","190,061","187,983","189,846","189,441","189,170","187,252","187,659","191,195","188,907","188,461","188,674","189,099","191,380","189,452","188,450","189,273","186,494","188,721","189,012","189,035","189,248","186,934","189,296","190,249","191,120","189,978","191,363","192,490","193,550","194,055","193,231","191,025","191,121","192,882","195,513","195,316","196,230","196,622","197,999","199,314","196,700","199,902","199,792","199,126","200,040","199,625","199,039","197,983","199,101","197,946","199,800","198,997","201,803","199,195","197,980","198,043","197,060","196,396","196,533","195,246","192,986","194,420","177,299","141,230","155,296","173,612","181,472","183,926","185,783","185,060","188,992","187,696","189,362","185,436","188,075","185,811","182,941","186,918","184,573","185,728","182,592"
"Wholesale trade  [41]","91,611","91,010","92,887","92,072","93,160","93,876","93,821","94,232","95,033","93,314","95,974","95,828","96,494","97,048","97,334","95,842","95,290","96,644","96,864","96,568","98,133","98,726","98,237","98,957","100,231","97,589","96,827","97,110","95,506","95,067","94,710","95,612","94,607","95,027","94,061","93,040","92,881","93,137","94,204","95,080","97,254","93,857","92,695","93,864","93,424","93,582","94,200","93,658","93,703","94,226","95,027","95,546","95,710","96,164","97,205","96,886","97,031","96,766","96,940","97,780","97,335","98,896","99,710","99,925","99,088","98,861","99,634","99,574","101,772","100,499","101,253","101,594","101,092","102,314","101,117","101,890","101,256","101,755","102,872","103,615","102,674","103,914","104,800","102,657","104,630","103,372","102,917","104,322","104,849","105,294","98,263","80,588","85,615","99,560","104,763","105,255","105,269","106,263","106,705","105,796","107,569","105,333","107,712","106,854","106,034","103,748","102,847","103,274","104,150"
"Retail trade  [44-45]","85,280","85,557","86,761","86,556","88,519","88,154","88,496","89,349","90,878","89,849","90,611","91,612","91,197","91,519","91,929","91,596","91,699","91,828","91,707","90,812","90,649","91,291","91,728","91,297","91,104","90,793","91,199","91,203","89,267","90,087","90,872","90,290","90,146","90,935","91,385","91,551","92,280","91,514","93,142","92,427","94,199","95,076","93,725","94,853","94,037","93,621","94,405","94,338","95,072","95,261","95,565","95,444","96,710","96,730","96,442","97,374","97,301","97,453","96,930","96,774","96,158","98,702","98,014","97,116","97,634","98,347","98,275","97,727","100,718","99,960","100,110","100,505","101,186","101,399","101,067","100,084","100,173","99,839","100,940","99,821","99,694","100,494","100,566","100,017","99,949","98,976","99,697","100,722","100,651","101,123","89,565","71,327","84,986","100,048","99,852","99,794","102,788","104,790","105,940","100,244","99,761","104,680","110,281","102,485","99,641","103,919","103,461","104,921","103,950"
"Transportation and warehousing  [48-49]","71,803","70,955","71,394","71,232","71,268","71,560","72,375","72,997","72,419","71,745","71,086","71,988","73,207","74,477","75,127","74,223","74,676","75,483","76,169","75,884","77,678","78,129","77,802","77,409","77,783","77,700","77,408","78,599","78,073","77,595","78,242","78,276","78,392","78,924","79,563","79,983","79,674","79,629","80,452","80,337","80,327","80,776","79,884","79,613","79,772","80,062","80,484","81,858","81,843","82,076","82,457","82,644","84,045","84,567","84,884","86,164","86,441","86,936","86,363","86,401","86,777","85,940","86,431","85,887","86,604","87,161","87,207","87,152","87,690","87,649","87,680","87,677","88,367","87,967","87,313","87,953","88,554","87,336","88,583","89,515","90,424","89,929","89,500","89,009","88,145","88,890","88,127","89,232","88,116","87,383","76,184","60,033","60,927","65,817","68,657","68,191","69,018","70,892","71,842","72,380","72,142","70,855","71,727","70,998","70,517","70,663","71,896","73,683","73,616"
"Information and cultural industries  [51]","54,931","54,569","54,347","54,379","54,296","53,989","53,971","54,089","54,143","54,172","54,260","54,399","54,479","54,652","54,859","55,227","55,255","55,340","55,501","55,409","55,782","56,183","56,380","56,588","56,491","56,676","56,972","56,983","56,605","56,667","56,732","56,908","56,834","57,121","57,393","57,504","57,512","57,907","58,061","58,236","58,379","58,598","58,793","58,704","59,039","59,306","59,539","60,183","60,115","60,109","60,356","60,555","60,824","60,930","61,071","61,182","61,543","61,540","61,631","61,788","61,962","61,987","62,195","62,631","62,657","63,186","63,281","63,322","63,818","64,089","64,531","64,762","64,965","65,269","65,513","65,907","66,151","66,381","66,492","66,794","67,059","67,506","67,622","68,046","68,194","68,785","68,971","69,247","69,327","69,288","65,865","63,228","63,502","64,454","65,240","66,419","66,569","66,768","66,970","66,938","66,806","67,006","67,029","67,192","67,354","67,636","68,164","68,735","68,787"
"Finance and insurance  [52]","106,132","105,605","105,257","106,554","106,141","106,444","107,172","108,207","109,055","109,506","110,130","109,470","108,788","109,395","110,494","110,234","110,069","109,598","109,537","109,932","109,962","110,791","111,357","112,163","113,412","114,947","114,589","115,411","116,472","116,872","117,083","116,624","116,093","116,698","118,112","118,249","117,928","118,032","117,453","117,540","119,436","119,049","119,275","119,531","119,396","120,141","122,074","122,472","123,577","123,109","124,106","124,454","124,573","126,525","127,794","129,083","131,708","132,086","131,852","131,085","130,690","131,163","131,771","132,642","132,464","133,072","131,541","131,334","132,360","132,044","132,399","133,991","134,402","135,964","135,115","135,286","135,331","134,503","135,467","135,742","135,951","136,183","136,783","137,659","138,114","139,019","139,676","140,952","141,503","142,294","138,911","140,472","140,815","142,380","143,380","144,223","144,621","146,110","148,144","147,995","148,381","148,402","148,218","147,016","146,898","147,794","149,152","150,393","150,828"
"Real estate and rental and leasing  [53]","210,889","211,391","211,646","212,105","213,069","213,324","214,055","214,538","215,023","215,852","216,402","217,010","217,484","217,743","218,131","218,541","218,547","218,912","219,427","219,971","221,327","222,041","222,857","223,424","223,774","224,231","224,778","224,879","224,881","225,661","226,434","227,385","228,561","228,951","229,246","229,716","229,712","230,391","230,944","231,546","231,752","232,556","233,023","233,541","233,867","234,394","234,487","234,481","234,754","235,838","235,654","236,665","237,652","239,106","240,159","240,103","239,991","239,595","239,868","240,694","241,666","242,478","243,491","245,709","244,569","244,229","244,717","245,265","245,680","246,755","247,436","248,178","248,667","248,987","249,210","249,467","250,680","249,983","250,720","251,243","252,284","252,913","254,056","254,838","255,385","255,953","256,417","257,012","256,963","257,763","253,772","245,108","248,294","254,497","259,270","260,786","262,021","261,664","261,511","263,899","265,105","265,701","266,139","264,584","263,770","263,162","263,272","263,787","264,125"
"Professional, scientific and technical services  [54]","97,343","97,147","96,930","97,292","97,587","97,473","97,860","98,341","98,955","99,099","99,162","99,660","100,640","100,848","101,378","101,821","101,424","101,875","102,645","103,285","103,739","105,093","106,169","106,447","105,944","105,750","106,201","105,632","105,125","104,696","104,312","104,044","103,884","103,671","103,673","103,950","103,651","103,971","104,325","104,666","104,968","105,302","105,735","105,548","106,290","106,406","106,675","106,992","107,490","107,522","107,736","107,972","107,595","108,432","108,814","109,323","109,993","109,955","110,358","110,630","111,047","110,854","111,339","112,704","112,403","113,026","113,576","113,942","114,426","114,856","115,371","115,742","116,135","116,753","117,372","119,074","119,267","119,954","120,340","120,820","121,053","121,852","122,796","123,600","123,912","124,486","125,062","125,202","125,301","125,936","112,342","109,838","111,537","114,662","117,458","119,638","121,342","123,127","123,995","123,784","124,676","125,229","125,534","125,507","125,566","125,922","126,995","127,689","129,172"
"Management of companies and enterprises  [55]","11,468","11,421","11,421","11,371","11,695","11,832","12,051","12,258","12,356","12,442","12,431","12,415","12,371","12,293","12,151","11,961","11,728","11,533","11,410","11,291","11,237","11,245","11,257","11,255","11,205","11,254","11,408","11,497","11,774","11,882","11,931","12,031","12,055","12,079","12,022","11,910","11,795","11,659","11,492","11,330","11,132","10,851","10,520","10,332","10,196","10,042","9,957","9,871","9,757","9,625","9,553","9,484","9,676","9,649","9,610","9,509","9,437","9,290","9,112","8,891","8,608","8,332","7,988","7,706","7,641","7,463","7,416","7,159","6,945","6,719","6,573","6,426","6,303","6,160","6,052","5,951","5,846","5,716","5,668","5,599","5,502","5,411","5,309","5,205","5,084","4,985","4,882","4,765","4,640","4,515","4,162","3,791","3,741","3,683","3,586","3,513","3,461","3,438","3,403","3,403","3,306","3,250","3,170","3,115","3,031","2,959","2,902","2,839","2,782"
"Administrative and support, waste management and remediation services  [56]","48,284","48,143","48,065","47,915","47,981","47,716","47,684","47,655","47,803","47,852","47,911","48,081","48,218","48,656","48,977","49,146","49,021","49,083","49,355","49,547","49,934","50,272","50,358","50,528","50,478","50,623","50,701","50,688","50,742","50,860","50,817","50,755","50,759","50,812","51,014","51,057","51,112","51,327","51,291","51,238","51,312","51,387","51,352","51,139","51,084","51,011","51,004","50,964","50,856","50,528","50,406","50,597","50,481","50,423","50,392","50,393","50,689","50,736","50,715","50,630","50,288","49,915","49,887","50,287","50,854","50,998","51,119","51,405","51,574","51,888","52,090","52,234","52,549","52,679","53,186","53,124","52,930","52,713","52,428","52,068","51,934","51,943","52,120","52,234","52,300","52,516","52,558","52,624","52,608","52,463","44,289","37,804","38,873","43,071","43,950","45,730","46,584","47,183","47,632","48,081","48,096","47,545","47,296","47,472","47,003","47,038","47,354","47,511","47,566"
"Educational services  [61]","94,503","94,601","94,650","94,549","94,782","95,071","95,114","94,703","94,827","94,515","94,585","95,001","95,327","95,792","95,931","95,696","96,183","96,316","96,453","96,558","96,294","94,596","96,212","96,615","95,507","97,398","97,769","97,523","98,073","98,210","97,985","98,289","97,571","98,036","97,865","96,722","97,378","97,133","97,024","97,394","97,508","97,750","98,024","98,107","98,187","98,185","98,090","98,114","98,491","98,704","98,866","98,902","98,487","98,827","98,918","99,049","99,172","99,472","99,622","100,012","100,562","100,518","100,904","101,601","102,057","102,286","102,547","102,953","103,240","103,451","103,535","103,726","103,831","103,857","103,994","104,015","104,287","104,401","104,849","104,926","104,948","104,873","105,420","105,280","105,440","105,358","105,201","105,341","105,380","104,895","95,331","86,208","92,207","94,059","98,301","100,743","101,673","101,847","102,065","102,675","103,129","103,409","104,960","101,092","103,689","104,467","105,340","106,107","106,697"
"Health care and social assistance  [62]","122,794","122,648","122,573","122,449","122,411","122,000","121,972","122,048","122,051","122,175","122,333","122,267","122,436","122,542","122,887","123,162","123,259","123,481","123,737","123,862","124,257","124,587","124,832","124,766","124,577","124,391","124,440","124,463","124,739","125,146","125,336","125,717","125,739","125,819","126,100","126,181","126,285","126,809","127,025","127,248","127,755","128,114","128,472","128,497","128,809","129,038","129,324","129,563","129,599","129,564","129,539","129,366","129,296","129,538","129,733","129,884","130,087","130,339","130,728","130,992","131,108","131,188","131,483","132,056","132,520","132,960","133,305","133,680","134,217","134,741","135,141","135,511","135,936","136,361","136,776","137,244","137,441","137,708","137,787","137,635","138,057","138,629","139,035","139,504","139,712","140,245","140,677","141,042","141,381","141,860","129,502","114,327","117,147","127,606","133,610","134,955","136,089","137,622","138,566","139,255","140,945","142,080","142,652","144,205","144,705","145,256","145,597","145,861","146,160"
"Arts, entertainment and recreation  [71]","12,502","12,307","12,197","11,965","12,695","12,584","12,718","13,013","12,913","12,726","12,892","13,036","13,228","13,299","13,377","13,555","13,505","12,969","13,698","13,827","13,899","13,853","13,804","13,819","13,697","13,586","13,796","13,671","13,731","13,629","13,632","13,720","13,558","14,269","14,211","14,026","13,959","14,160","14,022","14,219","14,231","14,228","14,272","13,986","14,269","14,276","14,385","14,409","14,554","14,402","14,398","14,454","14,818","14,607","14,827","15,367","14,973","14,949","15,020","15,233","15,200","15,174","15,245","15,259","15,274","15,412","15,236","15,175","15,413","15,364","15,205","15,101","15,336","15,459","15,548","15,725","15,611","15,643","15,733","15,572","15,595","15,673","15,699","15,602","15,749","15,837","15,781","15,941","15,815","15,760","10,782","6,534","6,318","6,622","7,654","8,261","8,371","8,559","8,304","8,140","7,825","7,946","8,114","8,100","7,999","8,507","9,348","10,119","10,681"
"Accommodation and food services  [72]","35,873","35,682","35,836","35,920","36,247","36,311","36,524","36,355","36,842","36,915","36,722","37,211","37,071","37,247","37,516","37,239","37,796","38,117","38,348","38,492","38,951","39,096","38,873","39,427","39,307","39,670","39,703","39,872","39,640","39,353","39,330","39,793","39,925","40,199","40,276","40,157","40,027","40,284","40,248","40,468","40,753","41,020","41,109","41,192","40,986","41,201","41,491","41,513","41,389","40,953","41,003","40,218","41,487","40,843","40,928","41,311","41,394","41,685","41,824","41,943","41,978","41,823","41,965","41,803","41,891","41,922","41,918","41,992","42,180","42,293","42,904","42,789","42,849","42,972","43,068","43,534","43,334","43,265","43,719","43,678","43,800","44,068","43,834","43,825","43,996","43,811","44,023","44,055","43,614","43,047","27,920","15,850","19,155","24,779","28,812","31,223","31,300","28,876","28,929","25,959","25,904","27,821","31,325","28,313","27,443","32,184","35,977","38,431","37,906"
"Other services (except public administration)  [81]","35,250","35,226","35,255","35,164","35,478","35,493","35,472","35,598","35,724","35,615","35,995","36,070","36,120","36,140","36,427","36,392","36,503","36,719","36,727","36,857","37,036","37,157","37,332","37,342","37,407","37,314","37,360","37,410","37,304","37,342","37,363","37,398","37,337","37,320","37,260","37,153","37,098","37,138","37,068","37,087","36,933","36,745","36,628","36,511","36,526","36,501","36,514","36,597","36,661","36,684","36,804","36,960","37,200","37,468","37,585","37,779","37,963","38,103","38,136","38,302","38,387","38,384","38,392","38,505","38,499","38,502","38,451","38,424","38,546","38,577","38,569","38,640","38,600","38,709","38,815","39,000","38,954","38,961","38,958","38,939","38,984","39,012","38,943","38,965","38,879","38,864","38,871","38,854","38,867","38,952","33,572","24,314","27,113","29,849","32,086","33,275","33,923","34,177","34,428","34,376","34,133","34,219","34,311","34,383","34,361","34,683","35,526","36,202","36,590"
"Public administration  [91]","121,980","121,928","122,516","122,212","122,201","122,149","121,917","121,453","121,552","121,708","121,805","122,085","121,906","122,099","122,129","122,048","121,852","121,766","121,657","121,431","121,317","121,209","121,087","121,039","121,031","121,097","121,120","121,102","121,302","121,587","121,902","121,991","121,955","122,073","122,206","122,181","122,285","122,431","122,418","122,617","123,015","123,349","123,525","123,827","124,631","124,775","124,421","124,529","124,721","124,459","124,506","124,582","125,120","125,396","125,607","125,579","125,741","126,180","126,702","127,250","127,721","127,747","127,834","127,927","128,395","128,770","129,221","129,761","130,424","130,801","131,210","131,516","131,570","131,923","132,054","132,167","132,724","132,764","132,977","133,049","133,251","133,260","133,585","133,706","133,482","134,114","134,164","134,756","135,431","135,826","128,757","125,710","126,220","128,450","130,829","131,641","133,017","134,206","134,154","135,115","135,090","135,749","137,264","136,710","136,685","137,929","138,339","137,619","139,280"

Footnotes:
1,"Aggregates are not always equal to the sum of their components."
2,"At the lowest level of detail, it may not be possible to produce a homogeneous series from 1997 to the present. Only industries and certain aggregates that provide good continuity back to 1997 have data from 1997 to 2006."
3,"Effective November 30, 2018 the data is presented on a 2012 reference year basis."
4,"The alphanumeric code appearing in square brackets beside the industry title represents the identification code of an aggregation of NAICS industries, whose definition is included in the full classification provided in the definitions, data sources and methods for the statistical program 1301 - Gross domestic product by Industry - National (Monthly)."



"How to cite: Statistics Canada. Table 36-10-0434-01  Gross domestic product (GDP) at basic prices, by industry, monthly (x 1,000,000)"
https://www150.statcan.gc.ca/t1/tbl1/en/tv.action?pid=3610043401